{"model": "vessel_scoring.logistic_model.LogisticModel", "args": {"colspec": {"windows": [1800, 3600, 10800, 21600, 43200, 86400], "measures": [], "window_measures": ["measure_speedavg", "measure_speedstddev", "measure_coursestddev"]}, "cross": 0, "intercept": [-6.9629385398825185], "order": 6, "coef": [[3.4856855098680581, -2.0522927098585373, -1.7541708693408948, 1.4479010000575556, -2.6785883197633633, -0.20737656069660437, -0.73990404982585223, 0.071874035872543235, -1.3441919849457828, -1.3216593528298364, 0.78510682837896595, 1.6486451661094887, 0.063251875739372548, 0.24365166458275356, 1.7801300367708193, -7.2724232080733078, 8.2923635242024076, 8.7651104941515019, 1.3617226592198211, 4.6249259468335691, 3.9187132043933439, 0.2091282446995455, 3.6820944364592822, 4.3879446784542164, -0.2241890891934511, 0.93876118300993028, 2.2281105202477738, 0.45742161485943733, -1.2799780973645161, -1.6183044352479361, -0.64325617357424336, -4.853662677463066, 0.19491770482987181, -2.4848490550616105, -11.637985387454172, 1.4167847732631138, 0.65854156275388398, 1.4927959058729334, -0.46787918659006078, 0.55825749747826126, 1.1675821009876179, -1.3355342124375817, 1.6804260913734483, -0.16157702464017151, -0.050538255298388277, 2.9188139214607154, -0.96212106727250357, -1.7199567223795686, 2.4400806774341874, -2.1164344817292471, -0.87376813268514475, 4.7332568493617231, -6.0509357922012859, -1.9928007172133551, 0.75231350508200745, 0.42720945861224457, -1.5770400796808983, 1.0474717290350999, 0.32572302168958656, -2.9449751478025101, 2.0022619228109511, -0.16737666747164157, -0.74894215261173391, 2.6194452616069221, -0.3986705524109378, 0.17405022585948807, 3.2144799575540421, -0.65597058313808754, -0.40968000736295801, 6.070247748374574, -2.2492604037701875, -1.6828843283301473, -0.04586715069995477, 0.12437513022329261, -1.3045937840380573, 0.060632430929094913, 0.091301911423245438, -2.5966427567527703, -0.17469679230478927, -0.077066946183215329, -0.58427562783366838, -0.81937869206977765, -0.13783973065447458, 1.565333781056107, 0.81944091533465002, -0.1719634499842288, 0.094277059335105731, 1.9191775145241716, -0.7517724427054937, -0.59126361579022157, -2.2483761237741313, 0.037352041911775477, -0.82228290308237773, -2.7076977891175509, 0.025593110056835056, -1.8475360428407048, -4.5082043955012798, -0.03002025908813204, -0.25473693908235578, -6.6638659210119693, -0.044718630430233532, 2.1252375333440052, -4.2806726617546182, -0.039159408887892114, 0.32457302318835973, -6.0597161385061256, -0.24133522580213909, 0.25914317175144752]]}}