{"model": "vessel_scoring.logistic_model.LogisticModel", "args": {"colspec": {"windows": [1800, 3600, 10800, 21600, 43200, 86400], "measures": [], "window_measures": ["measure_speedavg", "measure_speedstddev", "measure_coursestddev"]}, "cross": 0, "intercept": [-4.370003669467204], "order": 6, "coef": [[-0.26741247689919789, -2.4235231613887507, -1.7861913730576395, -1.6311114818458852, -1.6197137117328202, -0.75600257309630137, -1.6298835298652066, 0.50195355290280375, -1.4144211353668246, -1.0802184216333639, -0.284278911507718, -0.58318329998866081, -4.1385894373357468, -0.33476160051331577, 0.73321525772530516, -6.9088256108987078, 3.6425276977663104, 10.423372686407653, 3.4513200428270103, 0.53452868477175497, 2.8992666050831706, 2.1625472121222784, 0.36901948266010465, 2.7872463656970923, 1.906087099600539, 0.70038254443104264, 1.9398797192639454, 2.0001131435594028, 0.30952746965849381, 0.45640907612690645, 0.38738795292349359, -0.085158395696624561, 0.57932050952085545, -1.3976565389462765, 0.193562760098688, 2.8088527457599577, 3.9551164453744447, 0.15020513580316674, 0.73552387592570156, 3.2530297194097519, 0.012700196873310801, 0.40222867755955061, 2.8769526545494339, 0.074752526179542242, 0.65278532715569026, 2.681137747561491, -0.029091407386846319, 0.023849020318003004, 2.7189198650131314, -0.060522936204342619, -0.10757020360922522, 2.4280607057906498, -0.029606321735339072, -1.342233119736137, 1.7807128908879484, 0.031660480504884236, -0.4050095714861624, 1.7769333764901398, -0.03279138753976607, -0.8039656946979381, 1.4928502555257619, -0.019505739481563075, -0.26706708286115904, 1.32531499449497, -0.046782839605961808, 0.064879618619918644, 2.3667190062561168, -0.03198740410070347, -0.073992909233957432, 3.2361874408208275, -0.011810395622191622, -2.3939161374254678, -1.9331914897733091, 0.0065831551553644065, -0.68036585023498397, -1.3106027453481859, -0.02059018510749374, -1.0456227764792665, -1.3444447755661688, -0.015915553136730227, -0.56976771320427344, -1.2653757743094072, -0.023182736636262035, 0.22039975716696603, 0.15081892013971768, -0.014405003043915308, 0.10293512984722247, 1.7827594728523644, -0.0030627070304576403, -2.2180101252630302, -6.2684419462246259, 0.0014030221561323185, -0.62694309522299063, -5.1493720245222372, -0.0098143401205623513, -0.92201727044872106, -4.8457317321167794, -0.00726148941720776, -0.57672148433410164, -4.4116553629082746, -0.0092006673868616582, 0.3098644446437443, -3.0677769910608346, -0.0059628063003281358, 0.21018982493671534, -0.95763560816539006, -0.0009174512644036072, -1.7172916361292816]]}}