{"model": "vessel_scoring.logistic_model.LogisticModel", "args": {"colspec": {"windows": [1800, 3600, 10800, 21600, 43200, 86400], "measures": [], "window_measures": ["measure_speedavg", "measure_speedstddev", "measure_coursestddev"]}, "cross": 0, "intercept": [-9.4494634506403408], "order": 6, "coef": [[0.61789303690230624, -2.2190747921249634, -0.96110385154549494, 0.99966821185363175, -1.6224689297050157, -0.49677168960713092, 0.18401592104034539, 0.82536574461174383, -1.0653099493757519, -1.208133484844645, 1.0349988942355315, 1.1699095866990743, -0.29050753277273383, 2.7818566124884065, 2.0747054587958838, -0.93449443711105151, 3.6637610666343603, 8.8864702064753338, 1.477661795632949, 1.1491334513353737, 1.4736166348330404, 1.9851376490584856, 1.2520951327638361, 2.7332547270038536, 1.1464929764539999, 0.96498227294083772, 0.31109271429155444, -0.13909818419672643, 0.575529824470422, -2.2202018583728793, 0.040625503822874519, -0.84626160503093217, 0.79750970871621873, -2.0412919768268742, -2.4838899415137128, 5.2417373691802132, 1.8173213707087736, 0.29731667084776853, -0.67203493699757877, 2.150065072989451, 0.3242316970830838, 0.34923689152387272, 1.6204954974063903, 0.10368507821348519, 0.56818556001839637, 1.1095959627305405, -0.043592123628045557, -1.0055200200246368, 1.7707491616431272, -0.7475236582637339, -0.42289243993234615, -0.01913327795497086, -1.5851911438091486, 0.61577650498440106, 0.87871014196923625, 0.069017362613112948, -1.3745463099412509, 0.9688954263062094, 0.077528504827207037, -0.72101701706171073, 0.69515061260150457, -0.029938865685106997, 0.72688462469609161, 1.07047038352559, -0.081732924735438334, 0.57120869933281526, 1.9933109243914962, -0.33785287857611396, -0.45901113550662631, 0.83433465039577781, -0.66165015654177628, -1.3325795016177602, -1.0182343292112999, 0.017998518949557975, -1.3031217367436998, -1.1709453610303611, 0.020955749996739336, -0.898999212192785, -1.2575692412893036, -0.027900114758080845, 0.77977735704686324, 0.022168222615640339, -0.045525954548717655, 1.4038782736614233, 0.67616386553054042, -0.13202124672027016, -0.23809316061694358, 0.2616566018109765, -0.24955407092020496, -1.7934876547688454, -3.4579592859791202, 0.0054381409076538862, -1.0281810264587232, -3.8250314630599234, 0.0065060634059340176, -0.77136786138935565, -3.7503063507343946, -0.015359120720477615, 0.73434213046135555, -1.5678575702518984, -0.021217033615530831, 1.6203313740704681, -1.6718440579426015, -0.050161855864618306, -0.069957114406435997, -1.2799370093945328, -0.092938035145941983, -1.6574975571045096]]}}